AM_SE,AM_IA,DLDA_SE,DLDA_IA,DSGT_SE,DSGT_IA,ECCF_SE,ECCF_IA,DS_SE,DS_IA,DigitalSL_TW,DSL_OP,BE_TW,BE_OP,DataSL_TW,DSL_OP.1,OOPM_TW,OOPM_OP,AM4_SE,AM4_IA,AOA_SE,AOA_IA,COA_SE,COA_IA,CG_SE,CG_IA,OS_SE,OS_IA,AOA_TW,AOA_OP,CG_TW,CG_OP,PAL_TW,PAL_OP,OS_TW,OS_OP,OPST_TW,OPST_OP,GPA_SEM_3,GPA_SEM_4,cluster
77,17,52,18,62,20,53,18,53,17,24,23,24,22,24,24,48,46,73,20,68,18,64,19,60,19,52,18,24,25,24,22,23,22,24,24,23,23,9.08,9.56,0
77,19,57,18,68,20,58,18,60,18,23,23,23,22,24,24,44,46,75,19,54,17,58,18,63,19,43,18,19,24,23,23,21,22,23,24,24,23,9.54,9.21,0
18,8,42,11,47,18,34,12,44,16,23,23,23,22,21,24,42,48,40,18,42,12,36,14,35,12,32,14,21,21,23,21,20,18,23,21,23,19,0,6.46,3
38,12,52,12,40,18,54,13,60,18,23,22,21,22,24,24,45,46,45,15,60,13,58,17,58,16,35,16,24,21,23,21,24,18,23,23,24,22,7.54,8.11,2
55,11,57,13,46,13,42,10,32,14,20,20,21,21,23,22,42,48,45,15,39,11,20,12,35,13,34,8,19,23,21,18,22,17,21,19,22,18,7.12,0,2
55,13,51,16,57,19,59,16,61,17,21,20,22,22,23,20,44,46,56,15,61,19,57,16,60,20,52,15,23,10,22,20,23,20,21,20,22,20,8.5,8.89,5
76,18,69,18,52,20,56,20,57,16,23,20,23,22,23,23,42,46,75,20,72,19,59,17,58,20,57,18,24,21,21,18,23,20,21,21,22,17,9.23,9.54,0
73,11,66,13,53,17,60,18,50,17,23,22,23,22,23,22,41,46,70,19,73,18,58,16,63,18,55,16,23,21,21,18,20,17,21,21,22,19,8.92,9.3,0
67,17,60,19,51,20,37,16,51,19,23,22,22,22,24,22,46,48,68,16,63,19,40,19,54,19,43,16,24,21,20,20,23,22,23,21,22,18,8.62,8.62,5
60,15,52,13,55,18,18,9,44,13,17,20,21,21,22,21,39,43,63,15,51,12,43,11,53,12,37,8,17,20,20,21,20,16,20,21,22,15,0,7.3,2
60,10,56,17,52,18,36,12,59,17,22,23,22,21,24,22,47,48,33,14,55,17,43,14,44,14,22,14,22,21,23,23,24,19,22,23,24,23,8.08,0,2
69,15,54,13,57,19,46,18,53,17,23,22,23,22,23,19,40,33,67,14,73,18,53,18,53,17,45,17,18,19,21,18,22,17,22,21,22,18,8.46,8.81,5
67,16,52,13,53,15,52,17,59,17,21,20,23,22,24,24,42,47,58,18,57,15,55,17,62,16,49,16,20,21,22,18,21,19,21,21,23,21,8.46,8.73,5
64,9,52,12,35,15,42,13,53,10,22,22,20,22,22,21,38,37,59,19,70,14,55,16,62,16,52,12,16,19,20,21,19,20,21,22,18,18,7.38,8.63,5
65,13,47,14,34,16,55,10,48,15,21,20,21,22,24,21,37,42,71,11,66,11,62,14,63,16,49,15,17,17,17,16,22,21,21,21,21,14,7.73,8.95,5
64,11,32,13,48,15,36,16,35,9,22,20,21,20,21,15,36,37,61,14,47,9,58,14,54,16,35,12,17,17,20,20,18,16,19,20,21,14,6.81,7.37,2
37,12,38,10,51,16,32,12,32,11,22,23,22,21,24,24,42,42,61,17,59,14,44,17,54,15,47,15,20,24,21,20,22,20,21,20,23,19,5.96,8.29,2
71,17,49,9,51,18,41,12,58,11,21,23,22,21,23,22,40,47,70,18,68,17,72,16,62,16,58,12,21,21,23,23,20,20,19,20,20,24,7.85,9.52,5
55,9,53,17,65,20,53,12,59,20,20,22,19,21,22,24,40,45,59,19,65,16,56,18,60,20,53,13,17,24,20,20,23,20,22,20,20,21,8.5,9.17,5
58,11,52,8,57,19,49,13,53,14,19,20,23,22,23,22,40,45,73,19,66,18,66,20,63,20,55,19,22,23,21,20,23,21,20,21,20,18,7.85,9.63,5
54,11,35,14,38,17,32,12,44,12,20,22,22,21,22,24,42,47,52,12,45,12,52,20,52,16,34,16,18,23,19,18,19,18,20,21,21,22,6.5,7.44,2
48,10,40,15,38,16,45,13,47,17,23,23,23,22,24,23,44,45,55,18,51,15,49,17,45,14,39,18,22,21,20,21,22,19,19,22,24,24,6.92,7.58,2
64,19,51,19,49,19,52,19,54,18,23,22,20,23,24,24,45,46,69,20,63,18,63,19,65,20,62,19,23,21,21,22,22,19,20,22,23,21,8.62,10,5
64,13,47,17,40,16,41,14,43,14,23,21,21,23,22,22,44,46,61,20,58,17,57,16,61,16,47,16,21,24,19,22,19,16,20,23,21,22,7.5,8.89,5
68,11,35,5,36,14,46,7,36,14,19,19,23,20,23,22,44,46,65,17,55,14,54,15,58,16,50,15,19,18,21,18,22,18,19,20,21,22,0,8.26,2
34,10,42,13,37,18,32,13,42,12,23,21,23,23,23,23,43,46,51,15,54,16,53,17,40,19,35,15,22,23,19,19,22,19,20,20,23,20,6.23,7.73,2
62,13,35,11,38,13,47,15,52,14,18,19,20,21,24,21,38,42,63,16,60,18,67,20,58,18,54,20,18,21,20,20,21,18,18,21,19,20,7.42,9.1,5
74,11,37,10,35,18,9,8,32,11,22,20,16,20,22,21,36,48,73,14,38,11,43,7,32,13,32,8,19,21,19,20,14,14,14,19,21,18,0,6.8,2
62,17,58,14,54,19,62,16,53,15,21,18,20,21,21,23,39,43,71,20,60,16,59,16,61,20,50,16,17,21,18,18,18,18,14,19,20,19,8.54,9.03,5
62,16,47,16,61,18,50,17,56,17,19,21,20,22,20,20,42,43,75,19,67,17,64,17,59,19,62,19,18,23,20,20,18,17,14,19,18,19,8.42,9.54,5
67,14,48,13,39,20,55,16,42,17,23,21,23,23,23,21,40,47,53,18,60,18,63,18,63,19,62,19,20,24,20,21,23,20,18,20,21,20,8,9.54,5
41,9,34,13,27,14,43,13,57,18,22,23,23,22,24,19,45,38,57,17,55,12,45,18,38,17,39,15,20,19,22,22,21,19,20,20,24,21,6.77,7.52,2
74,15,59,16,56,19,44,18,62,16,23,21,23,23,23,24,43,45,74,19,63,18,57,18,57,18,45,18,21,21,19,17,23,18,18,19,24,23,9.08,9.19,5
45,13,7,8,43,15,33,10,39,13,22,19,23,22,23,24,42,38,52,18,46,18,42,15,49,16,41,18,22,19,21,21,23,19,18,20,20,21,0,7.54,2
70,13,48,9,50,19,49,9,37,15,21,19,19,21,18,22,38,40,59,17,52,13,36,15,54,15,32,13,19,23,18,19,21,18,20,19,20,18,7.62,7.54,2
76,16,58,13,64,17,55,15,68,16,23,22,23,21,22,24,39,45,77,20,72,16,62,17,61,18,50,13,21,21,20,20,23,20,20,21,23,21,9.38,9.19,0
69,12,32,11,43,19,43,14,55,17,23,23,23,23,24,23,45,44,61,20,54,16,50,15,56,16,47,15,23,21,19,20,22,18,20,22,23,18,7.69,8.52,5
57,16,47,13,52,19,34,9,41,11,18,20,22,22,22,22,38,44,66,17,69,18,50,17,58,17,47,13,24,23,17,16,22,17,19,21,21,20,7.27,8.89,5
51,9,22,6,39,14,18,8,19,9,14,18,14,20,14,14,39,29,55,17,43,10,40,11,45,12,32,10,19,14,18,18,19,16,15,18,18,15,0,6.33,3
55,14,43,10,35,16,33,13,35,13,23,23,23,20,22,23,44,45,67,18,50,14,40,16,46,17,40,15,20,19,19,18,23,19,19,20,22,21,6.65,7.78,2
68,14,45,16,61,19,63,18,56,18,23,23,21,22,23,23,46,45,73,20,63,17,53,15,60,20,48,17,23,21,18,17,22,19,19,20,22,22,9.23,9,5
50,9,39,11,45,17,40,14,55,18,22,23,22,21,22,22,44,45,57,16,46,15,51,10,43,13,43,12,19,21,18,18,17,14,18,20,21,19,7.23,7.33,2
59,13,40,9,55,15,46,14,54,15,17,21,19,21,16,22,40,45,73,17,62,15,64,12,62,16,59,16,21,21,22,22,16,15,16,19,20,21,7.54,9.15,5
44,9,42,15,59,19,39,15,55,19,21,21,20,22,23,22,47,44,55,13,50,16,48,12,43,14,32,19,19,23,20,20,20,21,15,20,22,22,7.54,7.4,2
59,9,39,12,34,16,42,11,44,12,23,22,21,22,21,22,40,43,73,19,69,15,58,15,51,17,45,15,19,21,14,15,23,18,19,19,21,20,6.96,8.88,5
36,9,12,8,32,18,32,8,32,12,17,17,19,21,17,13,38,31,60,15,32,11,21,12,37,9,20,11,18,14,23,23,14,15,15,19,16,10,0,0,3
68,18,68,18,55,19,50,18,68,17,22,20,23,23,23,23,42,44,75,19,62,19,61,17,59,20,55,17,23,23,18,18,21,21,20,19,22,21,9.23,9.37,0
66,12,40,12,48,14,33,13,52,11,20,20,19,19,20,21,42,45,61,16,65,12,50,15,65,14,55,13,18,21,21,22,22,19,20,19,21,18,7.46,8.51,5
51,8,36,10,32,18,32,9,34,14,21,21,21,21,20,17,42,44,44,18,54,14,16,12,0,12,0,11,19,19,21,21,18,15,17,19,19,15,6.08,0,3
44,14,54,11,45,19,41,16,39,18,23,23,21,21,21,24,44,45,71,14,68,15,63,18,60,18,57,19,22,21,18,19,22,18,19,20,22,21,7.08,9.67,5
61,14,54,10,54,19,55,11,66,20,18,18,16,22,19,22,39,43,72,20,61,19,59,16,59,18,61,18,22,19,23,18,18,15,18,19,20,23,8.46,9.3,5
12,0,15,4,5,6,17,5,32,6,19,18,17,21,17,20,39,42,15,11,50,9,18,8,42,11,53,11,18,19,19,19,16,15,18,19,18,17,0,0,3
38,10,33,11,44,15,41,14,42,12,20,19,21,22,20,22,40,39,54,16,51,16,45,18,57,20,60,19,20,21,21,21,21,19,15,21,18,18,6.15,8.29,2
62,13,63,13,60,18,45,16,62,19,23,22,23,22,21,23,42,44,76,20,60,18,65,20,62,19,60,19,22,23,20,20,23,19,19,21,22,22,9.04,9.7,0
46,9,38,8,37,14,32,12,46,11,20,19,18,20,18,18,38,46,49,13,47,11,39,9,45,15,46,14,15,18,22,22,14,14,16,20,19,21,6.15,6.89,2
73,14,59,18,45,19,69,17,64,17,20,21,21,23,23,23,45,48,68,16,66,18,64,18,56,20,58,18,22,23,14,16,22,20,15,22,20,20,9.38,9.73,0
55,9,45,10,41,11,45,11,46,10,17,20,15,21,14,15,37,37,36,12,42,13,45,11,35,11,53,12,16,17,21,19,15,15,13,19,17,10,6.5,6.06,2
32,8,45,15,36,14,33,15,32,11,21,24,22,22,23,17,47,45,34,18,45,12,55,12,48,12,53,15,22,19,22,20,21,20,21,22,20,20,6.08,7.43,2
73,13,61,11,50,18,44,16,49,14,19,23,21,21,21,20,47,45,51,16,58,13,61,15,60,14,58,18,20,20,20,20,18,17,20,21,16,20,8.31,8.43,5
68,12,56,12,45,13,51,17,56,14,22,23,22,21,22,21,44,44,72,17,55,11,52,14,55,17,60,17,22,24,19,18,20,20,22,20,16,18,8.15,8.44,5
76,14,56,14,48,16,53,14,62,18,23,21,22,21,22,22,46,47,60,19,59,11,61,15,61,13,55,17,20,23,21,19,19,20,21,21,18,19,8.77,8.52,5
18,1,32,14,32,16,20,7,32,8,23,21,20,20,21,19,41,44,53,18,38,11,48,14,44,11,43,15,21,19,20,19,17,16,20,20,18,17,0,7,3
62,9,54,11,51,11,33,12,40,14,22,23,21,21,23,20,47,45,52,17,53,12,63,15,57,14,52,20,22,21,18,18,20,17,20,21,20,18,7.31,8.07,5
50,14,49,13,43,19,41,14,32,11,22,19,20,21,21,20,44,47,66,14,55,14,44,14,59,15,55,19,21,24,19,19,19,16,20,22,18,14,6.96,8,2
56,11,46,11,41,13,33,9,63,15,20,23,18,20,22,20,46,41,53,17,47,13,50,14,52,12,40,13,21,23,23,22,21,18,21,22,21,21,7.08,7.73,2
73,17,65,11,67,20,55,19,66,19,19,24,22,22,22,23,45,48,76,16,62,19,65,19,59,20,59,20,21,24,21,21,18,20,22,21,17,23,9.54,9.77,0
44,17,57,14,69,20,61,18,48,18,22,20,22,22,21,23,46,38,64,17,64,13,53,17,59,17,65,20,20,21,21,20,18,20,22,21,15,20,9.08,9.22,5
78,18,55,20,50,19,45,17,64,20,24,24,20,22,23,23,44,48,65,17,52,13,64,15,60,17,61,20,23,22,20,20,21,19,20,21,22,21,8.92,9.36,5
63,14,38,13,48,15,44,12,42,14,22,21,21,22,22,22,44,48,58,12,54,13,55,15,59,12,55,18,22,22,20,20,20,17,21,21,18,19,7.5,8.07,5
41,10,32,16,27,18,34,12,48,16,24,24,20,21,23,22,45,47,57,14,35,10,55,13,52,11,43,18,21,18,21,22,21,17,21,22,20,20,6.46,7.58,2
56,11,36,18,61,20,46,11,52,199,22,21,20,22,22,24,46,47,41,14,50,14,32,15,48,17,55,16,22,23,23,23,20,21,22,23,23,20,7.88,7.43,4
80,19,67,17,70,20,64,20,69,17,23,24,23,23,24,24,45,45,77,20,65,19,64,19,67,19,64,20,24,22,20,19,23,22,24,24,23,22,10,10,0
38,10,43,16,48,20,44,16,39,13,23,21,21,22,22,16,45,47,41,15,54,16,60,15,53,17,51,20,22,21,19,19,20,20,22,23,20,21,6.85,8.19,2
62,13,53,11,45,16,45,10,52,14,21,23,19,21,23,21,44,45,67,18,54,12,48,10,40,13,43,14,22,24,18,17,19,17,19,20,21,18,7.81,7.56,5
54,11,43,10,40,15,32,11,37,15,19,23,20,21,22,19,46,35,51,17,62,11,54,9,55,12,55,15,21,21,20,20,20,15,20,21,17,14,6.65,7.59,2
73,15,54,19,56,19,51,17,63,15,24,23,23,22,22,22,46,40,57,19,70,14,67,17,65,18,57,20,22,20,20,19,20,17,21,22,18,16,8.92,9.37,0
75,17,54,14,56,18,43,14,62,13,20,19,22,22,21,20,42,38,67,18,56,12,67,16,60,17,61,17,22,23,20,20,21,18,21,23,18,15,8.42,8.96,5
69,16,41,17,56,20,44,14,63,17,23,23,21,22,22,24,44,47,68,18,60,15,58,16,64,18,59,20,23,25,18,19,21,16,23,23,19,23,8.62,9.33,5
53,11,24,9,47,14,33,9,46,15,16,17,20,19,20,23,40,47,71,16,52,12,44,11,41,12,53,19,20,22,18,18,19,15,20,22,17,20,6.5,7.84,2
48,14,49,13,49,17,43,15,68,17,20,20,20,22,21,16,41,33,57,20,56,14,65,14,51,15,61,18,20,24,18,19,22,16,20,22,20,18,7.96,8.59,5
35,9,35,11,41,15,34,9,41,9,21,16,21,21,21,22,39,44,41,9,47,10,34,14,20,8,42,17,19,21,20,20,21,16,20,21,22,20,5.85,0,3
70,13,54,19,61,20,51,19,63,14,24,24,23,22,24,23,44,46,64,20,62,17,67,18,59,17,65,20,22,21,19,21,22,17,22,23,19,22,9.23,9.67,0
63,17,60,17,65,20,55,17,58,16,24,23,20,20,24,22,47,47,77,20,62,16,71,19,52,11,65,20,21,22,19,21,21,18,22,24,22,23,9.23,9.37,0
50,9,32,17,57,17,45,13,50,14,24,24,22,22,24,21,45,47,44,17,52,17,52,12,51,15,47,20,23,20,18,20,23,15,24,24,24,22,7.08,7.63,2
45,9,32,8,39,12,32,7,32,9,16,16,18,22,20,15,40,46,47,14,42,8,55,9,32,10,40,17,19,19,20,20,20,15,20,22,20,19,5.65,6.7,2
48,10,32,8,39,16,36,12,28,9,18,22,16,21,19,16,39,47,65,19,51,10,52,11,52,10,39,14,20,19,18,19,22,16,20,22,18,22,5.85,8,2
46,11,40,10,48,12,33,14,43,12,19,22,20,21,20,20,36,36,36,17,55,10,53,10,40,11,52,14,18,21,22,22,19,15,20,22,20,20,6.62,7.11,2
64,15,57,16,66,19,50,17,52,16,24,24,22,23,21,22,43,44,63,18,73,16,66,18,67,17,58,20,22,21,19,19,23,18,21,22,20,19,8.58,9.78,0
69,13,46,15,60,16,41,13,47,11,23,22,20,21,22,19,44,44,66,20,65,14,63,14,57,12,53,17,21,21,23,21,22,15,20,21,21,21,8.15,8.85,5
51,9,36,11,44,16,36,11,51,13,20,23,20,22,22,21,42,46,50,14,61,12,49,15,48,13,55,19,21,22,20,20,24,17,23,23,20,19,6.96,7.89,2
75,15,45,13,71,18,55,12,54,16,22,21,21,22,22,21,42,43,68,18,73,14,62,12,59,12,57,16,20,23,20,19,22,16,21,20,19,18,8.62,8.93,0
61,9,43,10,51,14,46,10,42,14,21,23,22,21,21,23,41,43,44,15,36,12,36,12,46,16,51,17,22,24,18,19,21,16,21,20,22,17,7.31,6.8,2
53,9,26,9,45,15,44,8,32,8,15,18,13,22,19,20,38,46,61,10,57,11,56,15,62,13,58,18,20,22,20,19,19,15,20,20,16,21,6.27,8.26,2
70,15,53,13,62,19,41,12,56,15,23,23,18,22,20,22,41,45,60,19,69,14,63,18,60,18,66,20,20,23,19,18,21,20,22,23,19,21,8.62,9.63,5
63,11,38,14,49,18,34,12,41,15,22,22,20,22,19,23,43,41,52,19,62,11,56,12,53,11,53,18,21,20,20,21,21,16,20,21,17,18,7.15,7.95,2
55,12,47,14,48,15,48,17,61,15,24,23,20,23,22,24,45,48,52,17,53,14,60,15,53,14,58,19,22,23,19,19,22,18,22,22,19,16,7.88,8.11,5
32,8,32,8,32,10,33,11,32,7,14,22,18,21,18,22,43,47,32,10,40,12,56,15,50,12,60,19,18,21,21,21,21,16,22,22,18,19,5.04,7.11,3
69,18,52,19,58,18,40,16,64,19,24,23,19,23,23,24,45,47,73,18,48,14,52,19,47,13,54,19,23,21,20,20,22,20,23,23,23,20,8.92,8.52,5
54,15,32,12,42,14,41,15,41,17,21,23,21,20,23,22,47,45,36,15,42,14,54,15,46,14,55,18,22,20,19,19,21,18,22,22,20,14,6.65,7.22,2
13,8,8,15,34,15,13,12,20,11,22,23,19,22,22,22,45,47,20,5,18,13,32,11,32,11,38,15,21,20,19,19,19,17,22,22,18,22,0,0,3
36,10,40,11,42,15,45,16,42,17,20,21,20,21,22,19,46,46,40,16,52,13,56,12,46,15,60,18,22,21,20,20,20,20,21,21,20,19,6.73,7.7,2
49,10,44,15,40,19,44,12,39,13,22,21,19,22,22,20,45,46,43,15,53,15,63,15,52,15,59,17,21,20,19,19,20,18,20,21,21,23,6.77,8,2
62,12,48,17,48,18,46,14,43,15,24,21,20,22,22,17,45,45,47,18,57,12,59,18,56,15,56,19,21,20,20,21,21,19,20,22,22,22,7.58,8.41,5
58,16,37,11,27,14,33,16,58,17,18,20,22,20,23,24,46,44,61,14,48,12,65,13,45,12,50,17,21,17,20,20,20,16,20,22,22,17,7.27,8,2
24,8,21,9,32,8,32,9,14,9,15,12,19,20,21,22,43,45,32,8,33,13,48,11,39,9,48,17,21,24,20,18,19,17,20,22,16,21,4.96,6.11,3
26,8,38,13,46,15,33,9,41,18,22,21,20,22,23,24,47,45,44,11,51,13,57,15,57,11,47,18,22,25,20,19,21,20,20,23,21,16,6.23,7.44,2
35,10,18,9,38,9,32,10,32,9,14,14,19,20,23,23,44,42,32,9,47,9,60,13,52,9,45,14,21,23,19,19,19,16,22,22,19,18,0,6.7,3
23,7,32,8,37,8,20,13,32,13,13,20,20,21,22,23,44,42,33,9,38,8,34,12,36,11,38,18,22,21,20,19,20,18,21,22,18,14,0,5.78,3
32,12,36,13,32,12,32,13,35,12,20,21,21,20,22,23,46,45,33,12,38,11,43,11,49,13,50,18,22,20,20,20,21,17,21,22,18,17,5.62,6.67,3
45,12,23,8,32,10,34,10,33,11,14,16,19,21,20,22,43,45,44,12,47,6,50,14,56,13,42,11,21,24,18,18,18,17,21,22,17,17,0,6.81,2
32,7,11,15,32,11,6,9,26,10,23,17,18,20,22,22,47,47,20,12,33,13,14,11,32,14,39,14,22,23,18,12,20,18,21,20,19,19,0,0,3
20,10,32,9,38,13,32,9,32,8,16,21,21,20,20,23,45,48,36,13,47,9,50,13,47,12,41,19,21,23,20,20,20,20,22,20,18,19,0,6.85,3
46,9,45,16,46,20,32,15,50,14,23,23,20,20,23,21,46,44,51,17,51,15,46,17,50,14,32,18,21,22,21,20,22,20,22,21,23,23,7.08,7.52,2
22,9,32,8,36,14,39,10,34,10,12,22,20,22,23,21,44,46,15,4,39,8,52,12,42,14,40,19,17,18,19,19,19,17,22,21,17,13,0,0,3
37,10,25,10,32,11,33,14,33,9,17,19,20,21,23,20,43,46,36,11,42,13,56,12,52,10,50,17,22,19,20,19,20,19,23,22,18,17,0,6.93,3
62,18,66,17,65,20,64,18,69,20,24,22,24,23,24,24,48,48,68,20,73,20,63,17,63,19,64,20,24,24,24,24,24,23,24,24,23,24,10,10,0
35,12,56,13,62,16,65,13,60,16,20,21,20,21,22,22,45,40,70,16,74,16,70,11,70,16,58,18,22,23,20,22,22,18,24,23,21,21,8.12,9.85,0
47,14,66,8,68,12,38,12,43,11,18,18,18,16,22,21,34,35,68,19,41,16,43,9,65,13,56,14,22,22,21,21,23,18,23,23,22,20,7,8.37,5
42,11,32,9,53,15,44,9,35,12,15,17,15,16,19,17,32,30,66,20,68,13,41,6,73,16,47,15,19,16,16,19,18,17,20,17,15,18,5.92,8.3,2
32,13,32,10,36,12,38,9,32,15,17,14,20,17,19,19,35,37,46,15,48,9,33,7,51,11,44,13,17,16,16,21,19,18,20,21,13,14,5.42,6.47,3
56,15,55,17,71,19,53,13,51,20,19,19,20,22,24,22,41,40,80,19,70,20,55,12,64,17,61,18,24,23,21,22,23,23,23,22,18,23,8.5,9.41,0
15,4,32,12,37,13,21,9,37,13,12,12,15,16,14,0,34,36,56,11,44,11,23,6,44,8,54,13,20,20,18,17,19,18,20,21,16,17,0,0,3
32,11,64,11,57,19,32,12,46,19,24,21,21,22,23,24,42,38,47,16,56,11,32,10,52,15,56,15,20,22,20,20,22,22,21,20,15,21,7.15,7.22,2
80,18,68,17,59,18,62,15,66,20,21,22,23,22,24,24,41,40,75,18,69,18,53,18,69,15,52,16,21,21,21,22,22,23,23,24,19,23,9.69,9.26,0
52,12,56,10,54,13,39,8,33,12,21,18,18,19,23,20,42,39,71,14,39,14,25,9,38,12,48,10,22,19,19,21,23,19,21,20,17,20,6.85,7.19,2
64,15,64,14,71,13,53,13,58,14,20,20,20,21,23,21,43,40,79,18,62,17,62,10,62,14,57,15,19,22,21,21,22,20,21,22,19,22,8.88,9.11,0
68,17,61,14,68,20,52,13,68,18,24,22,20,20,24,24,47,47,73,20,57,16,47,9,47,17,47,17,20,22,24,24,20,18,24,20,22,22,9.38,8.19,5
55,17,72,15,58,16,52,15,51,17,20,20,22,21,23,20,44,39,74,18,68,15,53,10,66,16,62,14,22,21,20,22,22,20,22,22,21,17,8.38,9.33,0
69,17,70,14,57,19,61,13,67,20,19,20,21,22,24,24,47,47,76,20,66,18,67,15,51,18,58,20,23,20,24,23,24,22,23,24,20,23,9.5,9.41,0
73,17,61,15,66,16,66,11,65,19,20,21,20,19,22,22,44,42,76,19,67,16,61,13,69,15,60,17,23,21,20,19,23,19,22,20,18,22,9.65,9.52,0
64,18,54,14,52,17,48,12,67,17,20,21,20,22,24,18,48,42,77,17,72,17,63,11,63,18,61,15,24,21,21,20,24,20,22,20,22,23,8.62,9.56,0
55,14,50,15,60,19,40,12,44,18,20,21,21,20,23,22,45,38,56,16,63,13,47,11,64,18,60,15,21,21,22,23,22,20,23,23,19,23,7.73,8.74,5
68,19,55,17,59,16,55,13,48,18,24,22,22,22,24,24,45,40,74,20,67,17,59,14,68,18,58,14,24,23,24,23,24,22,23,21,22,22,8.62,9.41,0
59,13,46,8,51,14,49,13,47,19,21,22,19,20,22,20,43,38,73,17,62,17,64,12,61,15,59,15,21,19,18,16,24,19,23,23,19,20,7.58,9.07,5
77,18,70,12,69,20,68,13,57,17,21,22,22,21,24,24,41,42,78,19,70,17,55,16,66,17,68,19,22,21,23,21,24,22,24,24,20,23,9.69,9.7,0
45,11,63,14,53,13,51,10,37,14,19,19,18,19,23,18,40,41,62,16,65,15,48,11,60,17,62,13,21,20,19,18,19,21,22,22,19,19,7.42,8.78,5
56,17,61,18,66,18,64,16,48,19,23,20,18,20,23,21,45,46,56,19,54,18,50,12,67,19,54,15,24,19,23,21,21,21,21,21,21,21,8.96,8.63,5
44,13,63,10,50,13,55,15,35,17,22,21,19,19,21,18,37,35,51,19,57,11,47,9,62,16,49,12,17,21,18,20,19,20,20,20,16,19,7.31,7.84,5
62,16,67,15,70,19,57,12,50,15,21,20,19,20,23,23,44,42,70,16,50,15,45,9,58,14,56,12,21,17,19,17,20,19,20,20,22,22,8.85,8.07,5
33,4,51,10,43,11,42,8,17,14,21,16,15,16,22,22,42,40,52,14,32,12,39,8,43,9,49,14,19,19,20,19,20,18,20,22,17,20,0,6.52,2
49,10,58,14,48,13,56,12,33,17,20,17,19,20,23,19,42,40,51,15,56,10,45,10,45,12,64,18,23,20,17,17,22,20,21,20,21,21,7.27,7.7,2
69,19,56,11,58,16,53,13,47,18,20,20,20,21,24,23,46,43,70,19,47,16,13,9,39,15,61,16,23,20,22,23,22,18,23,22,20,20,8.31,8.22,5
68,18,73,16,51,20,68,17,62,17,22,21,24,21,24,23,46,41,77,20,71,15,72,12,65,17,68,18,22,22,20,19,21,20,24,24,19,21,9.54,9.96,0
76,14,63,13,70,19,63,11,46,15,19,18,20,19,24,21,38,39,63,19,62,14,50,11,59,16,60,14,21,22,20,20,21,21,24,24,16,20,8.88,8.81,0
72,19,65,16,71,16,67,12,55,18,21,20,20,21,24,23,46,46,80,19,68,19,64,12,64,18,67,14,23,21,20,21,21,22,24,24,22,21,9.54,9.85,0
68,14,50,13,49,18,43,11,49,20,21,20,20,18,24,24,48,42,72,20,55,19,41,9,56,18,58,18,24,21,24,24,22,23,24,22,22,22,7.96,8.67,5
58,16,66,15,72,16,53,15,49,18,21,20,23,22,24,21,44,45,73,19,62,19,69,12,71,15,62,19,23,23,22,23,23,22,24,23,19,21,8.69,10,0
77,19,73,19,71,17,61,17,54,17,22,21,24,23,23,21,44,42,71,18,48,14,39,9,59,13,62,16,23,18,17,19,21,19,21,22,22,21,9.54,8.3,0
37,12,49,16,61,14,51,11,40,15,20,21,20,20,23,19,48,42,19,16,48,13,40,9,53,18,60,17,22,18,21,19,22,18,22,17,20,22,7.35,7.59,2
41,16,39,12,40,12,32,8,34,14,23,20,15,16,24,22,43,41,51,15,41,13,35,4,49,11,41,11,21,21,15,17,20,18,19,17,15,21,6.19,0,2
64,15,74,15,68,18,68,10,47,20,21,21,16,19,23,20,45,45,78,19,66,14,58,14,59,17,65,15,23,21,22,20,22,20,19,17,21,21,9.12,9.48,0
59,19,32,15,60,18,65,11,51,16,22,21,19,19,23,21,45,41,71,19,54,15,54,12,53,14,68,15,22,22,20,18,21,19,21,16,20,17,8.23,8.41,5
55,17,75,10,52,17,53,10,50,17,21,20,16,19,23,22,45,41,71,17,60,15,60,12,58,16,69,16,23,21,20,18,21,22,24,21,20,21,8.15,9.22,5
66,17,72,13,68,17,53,11,47,15,20,21,19,19,22,22,40,38,65,17,32,16,49,10,55,11,65,14,20,20,18,20,18,20,20,20,16,20,8.96,7.95,5
40,16,58,18,63,15,43,15,33,13,19,20,23,19,21,19,40,39,55,15,41,9,32,7,51,11,51,13,20,18,23,21,20,19,22,21,17,15,7.42,6.96,2
53,14,53,10,39,13,35,10,43,19,18,20,19,20,23,22,40,37,56,17,40,12,24,7,49,9,58,14,20,19,22,22,20,19,20,17,19,20,6.96,0,2
26,9,47,8,44,8,36,8,43,12,16,20,15,16,23,22,38,35,34,11,43,10,32,6,43,9,50,9,20,19,18,20,19,18,23,17,19,20,5.73,6.19,3
32,12,45,8,54,10,32,8,34,11,17,19,15,17,21,22,34,39,42,14,35,11,32,3,42,11,54,11,20,17,16,18,17,18,20,15,12,16,5.73,0,3
35,18,55,13,70,16,62,13,43,17,19,20,20,20,24,21,47,40,64,17,57,12,54,11,54,15,59,17,23,20,23,22,23,21,21,20,18,18,8.12,8.37,5
52,17,32,12,45,13,32,11,41,13,20,22,19,20,23,21,38,37,65,19,53,11,32,8,48,15,51,12,23,21,18,22,21,19,21,18,17,17,6.23,7.52,2
56,16,39,9,41,14,34,8,20,14,19,14,19,19,23,23,40,40,71,17,51,14,47,12,63,19,62,11,23,21,20,22,23,21,20,15,18,22,0,8.59,2
44,9,53,4,33,8,25,8,27,9,14,14,15,15,16,0,33,30,60,8,36,9,20,8,39,11,32,9,16,15,13,15,12,19,19,15,12,16,0,5.66,3
22,11,43,12,37,15,59,12,32,15,17,19,20,20,21,17,37,33,68,18,52,16,49,12,63,11,62,16,22,19,19,17,20,20,21,20,14,14,0,8.3,2
43,13,56,13,65,16,51,13,49,18,18,22,20,21,22,22,42,38,72,20,45,19,61,12,54,14,64,18,23,23,19,20,23,22,21,18,19,20,7.85,8.67,5
32,11,44,7,44,12,13,10,13,7,11,13,19,0,16,0,31,29,50,10,36,7,39,6,36,15,52,12,16,16,13,15,13,18,17,15,16,15,0,6.07,3
44,12,72,16,72,16,59,12,55,19,19,21,20,20,24,24,46,42,76,20,59,17,51,14,47,16,67,16,24,22,23,22,23,22,22,17,22,22,8.62,8.93,0
33,10,47,9,56,15,39,12,40,11,18,20,19,20,22,18,41,40,43,14,45,13,46,11,43,16,58,14,22,19,20,20,23,21,21,15,17,19,6.62,6.96,2
34,11,54,11,50,16,39,10,48,17,18,20,19,19,22,21,40,37,57,18,55,14,44,12,62,16,55,13,22,20,21,20,22,22,20,16,17,13,6.73,7.89,2
32,11,66,11,60,11,57,11,55,15,19,19,19,19,21,21,41,42,62,18,49,18,53,12,54,16,63,15,21,21,20,22,23,22,20,16,22,22,7.54,8.59,5
22,7,32,11,48,8,33,10,40,15,16,16,18,19,21,18,36,31,51,13,48,10,32,8,47,13,67,16,21,18,17,19,19,20,21,16,18,16,0,7.07,3
55,15,63,12,49,16,44,11,53,13,20,21,20,20,23,18,45,40,68,17,50,9,33,10,52,12,62,10,18,15,20,20,23,19,17,21,19,15,7.92,7.41,5
2,8,13,8,40,12,32,8,25,10,14,13,17,17,18,14,44,35,39,10,19,10,9,5,20,5,35,10,17,17,17,16,18,19,18,20,18,16,0,0,3
40,15,67,12,49,16,36,11,36,16,20,20,20,22,22,16,46,41,68,16,39,15,32,10,50,11,51,12,19,19,20,20,19,20,19,22,18,19,7.19,7.41,2
63,18,70,15,67,20,54,12,53,20,22,22,21,23,24,24,47,44,72,19,57,18,59,14,66,16,71,19,24,20,23,22,20,23,21,23,20,20,9.23,9.56,0
62,10,71,16,62,20,33,8,58,15,16,13,18,22,20,20,47,44,71,20,49,17,47,11,61,15,67,19,21,20,21,20,20,19,21,23,22,18,8.23,8.78,5
49,14,55,8,73,14,48,14,55,16,20,21,21,22,23,18,47,43,70,18,45,17,55,11,59,12,64,13,21,18,20,21,19,19,19,21,18,20,8.19,8.52,5
60,12,62,11,57,17,52,13,53,15,20,20,21,21,22,21,45,42,57,18,55,16,59,15,60,13,58,14,18,19,20,20,20,23,22,22,18,18,8.08,8.41,5
44,14,37,7,50,17,50,12,35,15,21,14,21,21,23,20,43,36,67,18,46,13,42,12,46,18,50,14,20,19,20,19,23,19,19,21,19,20,6.62,7.78,2
20,10,35,10,32,15,56,11,23,13,21,21,20,19,22,21,47,44,45,16,62,13,42,11,59,14,47,17,21,15,20,19,20,19,22,23,20,17,0,7.67,2
77,19,69,16,75,19,70,12,59,17,24,21,21,20,21,20,45,43,73,20,70,16,43,12,62,14,62,16,21,20,21,21,20,19,22,22,21,21,9.85,9.07,0
75,19,74,17,76,19,60,11,50,17,21,21,20,20,20,19,43,44,73,20,68,15,60,11,59,16,56,18,20,18,19,20,19,20,21,21,18,17,9.19,9,0
52,20,52,14,58,18,54,13,55,17,24,22,21,21,22,22,46,47,46,16,37,15,40,14,33,16,41,15,24,24,24,23,22,21,22,22,24,23,8.23,6.93,2
67,16,56,16,67,18,63,14,61,19,24,22,21,20,23,22,47,46,66,19,63,17,67,15,62,16,67,17,20,21,22,22,20,23,22,22,21,22,9.54,9.85,0
32,10,32,10,51,10,38,9,22,10,11,12,16,16,12,12,25,32,39,12,37,8,32,7,32,6,41,8,11,0,14,15,17,19,18,18,12,14,0,0,3
50,17,41,11,72,17,56,12,55,13,20,20,20,19,22,23,44,44,57,17,53,18,47,9,51,12,54,15,20,21,18,19,18,20,21,21,18,22,7.85,7.74,5
64,17,76,14,70,20,67,16,55,16,19,21,24,23,23,17,46,43,78,20,68,19,62,15,67,19,61,20,24,23,23,23,20,21,22,22,19,18,9.69,9.7,0
69,12,59,15,67,17,54,15,39,16,22,22,23,23,20,23,44,45,53,20,47,14,49,10,61,15,61,15,21,20,20,21,15,19,22,22,18,19,8.62,8.14,5
46,14,34,9,58,18,32,11,49,17,22,22,20,18,24,24,46,47,64,20,44,14,48,14,49,16,58,17,23,23,24,23,22,23,23,23,23,23,6.92,8.37,2
67,14,60,17,57,19,64,16,58,18,23,22,24,22,21,23,45,47,66,19,43,18,35,10,42,14,54,16,19,22,22,20,22,19,22,22,20,22,9.54,7.93,5
32,10,35,10,35,16,16,4,32,12,20,19,15,16,19,23,45,34,51,12,47,13,32,6,32,8,32,13,20,21,17,17,18,19,18,20,20,22,0,6.26,3
44,13,35,15,50,19,59,15,58,18,19,22,23,23,19,20,45,44,47,18,50,16,48,16,45,16,63,17,20,22,21,23,22,23,23,23,22,22,7.65,8.11,2
34,12,39,11,43,15,51,13,47,12,19,18,21,20,20,20,43,34,60,16,41,16,40,11,32,13,52,17,19,18,20,21,19,21,18,20,18,23,6.58,7.33,2
45,11,52,11,52,17,49,9,41,13,14,17,16,22,14,12,25,35,46,12,40,13,39,10,44,16,59,17,17,19,19,20,16,22,19,20,18,18,6.54,7,2
32,9,36,11,39,17,54,12,43,15,19,18,20,19,21,19,42,44,61,16,45,19,35,10,48,15,55,18,21,18,21,22,20,21,22,22,22,21,6.27,7.85,2
32,9,42,13,40,15,55,14,26,8,18,20,22,20,19,21,40,47,32,11,42,11,34,8,38,9,42,10,17,20,19,20,17,19,18,18,17,20,6.19,5.67,3
49,9,58,8,43,14,42,12,36,13,18,13,20,19,22,22,41,40,57,18,37,13,43,12,49,12,33,14,19,21,20,19,18,19,16,19,14,17,6.62,7.04,2
71,12,63,9,78,17,53,15,58,16,19,22,23,21,20,23,44,44,55,18,68,16,51,11,60,15,63,14,20,22,20,18,20,19,19,19,20,22,8.92,8078,1
52,4,44,6,48,11,33,6,44,13,15,20,15,17,15,16,31,36,45,10,41,8,35,7,51,8,45,9,13,17,16,17,15,20,19,19,19,19,5.92,6.04,2
34,10,50,8,59,18,46,10,57,15,19,21,19,19,24,23,44,42,67,18,39,16,56,15,68,16,64,17,23,20,21,20,19,20,21,18,21,22,7.12,9.14,5
67,18,63,17,74,18,62,14,52,14,18,21,22,20,20,23,45,45,80,20,54,17,59,12,65,13,61,16,18,20,18,19,19,20,21,15,20,22,9.35,8.89,0
54,18,53,13,56,19,46,10,49,17,20,21,19,19,22,21,43,45,56,18,47,16,48,10,50,12,53,14,20,19,20,20,22,21,21,16,19,20,7.88,7.62,5
32,9,64,10,41,13,35,4,48,13,17,19,15,15,19,19,43,45,36,10,35,15,45,12,52,12,55,16,16,17,19,21,20,22,21,20,21,22,0,7.04,2
57,12,43,11,56,17,32,11,53,15,18,20,20,19,21,19,45,45,49,17,48,17,40,11,59,9,54,17,18,19,20,21,19,20,22,19,22,23,7.04,7.56,2
54,14,56,14,61,18,45,13,58,15,19,18,21,19,22,20,43,42,58,17,63,16,54,12,61,16,58,15,21,20,21,20,21,20,21,18,22,23,7.96,8.74,5
69,12,63,10,55,20,57,9,63,14,19,18,18,19,22,21,44,41,69,17,50,14,52,10,53,14,53,13,22,21,21,21,21,19,21,20,18,22,8.77,8.32,5
68,14,32,11,46,16,42,10,34,14,19,14,18,19,19,19,44,42,66,16,58,16,53,12,52,15,55,14,22,21,20,21,21,18,21,20,22,22,7,8.33,2
19,12,22,12,39,11,32,11,36,14,17,13,20,20,21,21,45,45,33,9,49,10,32,8,40,10,47,15,20,18,19,22,21,18,21,20,20,18,0,6.22,3
14,7,32,10,32,11,33,10,34,4,16,14,18,20,14,17,26,32,39,8,44,8,32,8,40,11,42,14,13,15,17,17,17,18,20,18,14,6,0,0,3
6,3,17,10,23,9,32,5,55,10,13,12,15,0,14,13,25,44,17,5,32,10,32,9,38,10,44,14,15,15,14,13,19,19,21,19,15,19,0,0,3
22,10,32,14,22,11,53,17,17,12,18,17,24,21,21,16,35,42,44,17,60,12,37,9,39,13,36,13,23,17,20,19,20,19,22,18,19,14,0,6.78,3
48,15,50,9,55,15,47,12,63,14,18,16,20,20,20,19,40,45,68,20,75,17,52,16,64,17,64,17,23,21,22,21,23,20,22,21,23,22,7.58,9.56,5
32,9,45,4,41,15,43,9,40,16,22,22,18,19,18,19,40,45,60,19,63,11,51,12,55,12,62,19,21,20,20,20,20,20,22,23,22,21,0,8.63,2
13,8,16,6,32,9,19,10,16,10,11,12,20,19,13,12,33,33,13,5,40,11,19,4,24,12,42,11,12,0,12,12,16,17,17,15,14,0,0,0,3
11,10,10,10,32,10,32,9,32,13,15,14,18,17,14,16,29,40,32,8,44,12,36,11,36,12,50,14,14,17,15,16,17,19,21,19,17,18,0,5.93,3
37,16,33,11,34,15,32,12,22,13,19,13,21,17,16,19,46,36,66,15,51,11,42,9,48,17,47,15,19,19,18,20,19,19,21,19,21,20,0,7.96,2
53,15,46,14,40,17,45,12,46,17,19,20,21,20,17,20,43,44,52,18,60,10,45,9,50,13,56,18,22,19,20,20,22,18,22,21,20,21,7.15,8,2
13,8,15,10,23,9,43,11,14,13,19,20,20,20,17,15,36,34,32,10,45,13,32,9,40,12,43,16,19,15,18,19,23,18,22,18,21,14,0,5.89,3
13,6,17,6,9,12,33,11,23,14,19,20,20,20,18,17,41,42,25,5,44,8,32,8,42,8,49,13,18,19,18,18,18,18,21,19,20,18,0,0,3
18,8,41,10,33,13,37,14,37,14,18,13,23,22,21,16,39,38,32,12,62,8,42,8,42,9,54,12,22,17,18,19,20,18,22,20,20,12,0,6.59,3
62,20,64,17,71,20,55,16,68,18,23,22,24,22,22,19,46,46,71,19,72,17,66,14,54,14,66,20,22,22,21,21,21,18,22,20,22,20,9.69,9.52,0
17,12,21,12,32,15,42,13,18,15,21,14,22,20,20,20,44,37,36,16,58,16,48,12,55,15,61,15,23,21,17,20,21,18,19,21,18,0,0,7.81,3
19,11,55,17,50,18,57,15,48,16,23,22,23,20,22,18,46,47,52,17,55,14,44,15,66,15,65,17,22,21,21,22,20,19,22,21,23,23,0,8.37,2
13,10,19,12,43,16,22,11,22,14,19,14,20,19,19,21,36,44,19,7,40,10,32,7,32,8,36,11,15,13,17,18,18,19,22,21,21,19,0,0,3
18,8,35,12,39,12,51,13,44,16,18,13,22,20,16,21,40,37,44,14,58,13,37,13,58,10,63,17,21,17,17,18,20,20,22,22,21,20,0,7.81,2
32,15,32,15,32,11,20,9,17,10,23,17,18,20,22,22,47,47,43,12,33,13,41,11,32,14,39,14,22,23,18,12,20,18,21,20,0,0,0,6.37,3
32,8,39,8,53,10,25,8,40,10,18,18,18,16,18,18,44,46,47,12,41,8,43,9,46,11,43,9,19,15,17,15,21,16,23,17,19,19,5.81,6.37,2
60,19,72,15,67,17,63,16,52,16,24,23,24,23,24,20,48,45,66,16,71,19,72,20,72,20,65,15,23,23,23,24,23,24,23,21,24,24,9.19,10,0
78,20,70,18,79,18,73,20,70,20,21,21,21,23,21,21,41,42,71,17,74,19,69,16,72,18,69,16,20,22,20,21,20,20,22,21,19,19,10,9.93,0
55,19,53,15,71,17,32,9,41,18,20,20,22,18,24,15,47,42,65,19,65,19,50,9,63,18,48,8,21,22,23,23,22,17,20,15,21,21,7.58,8.7,5
60,13,64,14,56,11,59,11,54,16,21,18,19,18,23,23,45,40,62,16,64,17,65,18,68,20,67,19,20,21,23,24,23,23,21,22,22,22,8.27,9.81,0
62,17,68,15,75,19,65,18,63,18,23,20,24,22,24,18,47,44,73,20,73,20,69,17,73,20,70,18,23,24,23,24,23,22,24,23,24,24,9.81,10,0
32,12,32,9,44,9,20,8,32,8,18,18,18,17,22,14,40,40,43,11,52,17,40,9,38,8,50,16,17,19,20,15,20,16,20,20,19,19,0,6.59,3
73,17,58,11,60,14,56,16,42,19,22,18,20,17,23,18,43,44,56,12,65,18,55,11,56,12,61,15,20,21,22,19,22,18,22,20,20,20,8.38,8.41,5
60,14,50,10,48,9,53,16,45,15,21,20,20,19,22,20,45,46,60,16,65,19,56,13,60,16,59,15,19,21,20,20,22,19,23,21,19,19,7.58,8.85,5
60,13,53,13,41,15,39,5,34,12,21,19,19,16,22,19,42,45,53,13,45,8,50,11,47,9,47,9,17,14,19,15,22,18,19,15,20,20,0,6.89,2
74,13,39,11,59,10,50,14,41,13,22,20,20,18,20,14,40,44,52,11,52,11,56,14,50,10,50,10,18,16,20,16,20,19,21,17,20,20,7.69,7.56,5
51,12,67,6,37,8,36,9,51,12,17,18,18,17,20,16,38,34,48,11,49,12,51,13,45,9,51,13,17,16,19,15,19,18,22,19,19,19,6.73,6.96,2
43,13,56,14,50,12,39,14,61,17,22,22,23,20,24,24,47,48,63,17,61,16,52,10,54,11,60,15,23,22,23,18,23,18,24,21,22,22,7.69,8.81,5
40,9,36,9,56,13,32,8,40,9,20,20,18,19,22,20,40,44,50,13,45,10,47,11,50,13,45,10,16,14,20,18,19,16,21,17,19,19,6.04,6.89,2
70,20,64,16,67,17,66,16,57,16,22,18,22,18,23,21,42,47,71,20,64,15,58,11,58,11,56,10,20,19,22,18,22,18,22,17,20,20,9.69,8.44,0
61,16,59,14,72,17,59,16,46,14,23,20,23,19,24,20,48,45,69,19,61,14,67,18,70,20,58,12,23,20,23,24,23,23,21,18,24,24,8.88,9.52,0
80,20,71,17,71,19,65,18,61,20,24,23,23,22,24,23,48,48,75,20,74,19,75,20,75,20,71,17,23,23,23,24,23,24,24,23,24,24,10,10,0
74,19,64,16,73,16,66,18,66,16,22,18,23,20,24,22,48,48,68,16,74,20,74,20,73,19,68,16,23,24,23,23,23,24,24,22,23,23,10,10,0
62,17,66,15,67,16,55,15,70,18,22,18,23,21,24,24,49,48,60,12,72,20,71,19,65,15,71,19,22,24,23,21,23,23,24,24,23,23,9.5,9.63,0
80,20,69,18,72,19,72,19,70,18,24,20,24,21,23,19,40,44,74,19,75,20,75,20,75,20,72,18,23,24,22,24,23,24,24,23,22,22,10,10,0
73,20,67,11,72,15,69,15,58,16,24,20,23,21,23,19,42,44,65,15,69,18,71,19,62,13,66,16,23,23,21,19,23,23,24,22,21,21,9.54,9.85,0
71,20,69,17,77,14,70,16,64,18,24,20,22,22,23,15,42,46,73,20,60,11,69,17,60,11,55,8,22,18,23,18,23,22,22,16,21,21,9.96,8.93,0
68,18,69,16,79,17,62,15,62,15,24,21,20,19,23,20,41,48,68,17,69,18,69,18,66,16,68,17,22,22,22,21,22,22,22,22,24,24,9.65,10,0
61,15,61,13,60,12,37,14,55,14,24,20,22,18,23,19,40,33,48,8,57,14,60,16,56,13,51,10,23,20,23,20,23,22,24,18,22,22,7.96,7.93,5
60,14,61,13,55,16,60,7,42,14,23,21,20,18,23,22,41,46,60,15,49,8,58,14,66,19,51,9,22,16,22,23,23,21,22,17,23,23,7.88,8.41,5
49,14,22,8,39,10,22,8,32,11,22,18,20,18,23,17,35,42,41,9,48,14,41,9,39,8,45,12,22,20,21,16,22,17,22,19,20,20,0,6.78,3
48,16,61,14,71,18,59,11,46,16,21,20,18,19,23,17,37,44,55,12,57,13,54,11,49,8,57,13,22,19,21,16,22,18,23,20,20,20,8.42,7.74,5
51,14,58,9,59,10,49,16,45,11,24,19,22,17,23,18,38,40,64,19,59,16,56,14,58,15,52,11,21,21,23,21,23,20,24,19,21,21,7.31,8.81,5
46,13,32,11,39,8,33,11,34,12,24,19,22,18,24,14,37,44,52,15,47,12,44,10,46,11,52,15,20,18,21,17,22,17,24,21,19,19,8.81,7.04,2
64,16,66,15,66,18,55,13,53,19,24,21,20,21,24,23,44,42,64,16,70,20,58,12,57,11,67,18,20,23,23,18,23,19,24,23,23,23,9.23,9.26,0
66,17,69,12,74,13,65,14,49,12,23,19,22,20,23,13,42,38,65,17,69,20,66,18,59,13,60,14,22,24,23,20,23,23,22,20,21,21,9.31,9.41,0
53,15,70,16,63,14,64,17,45,16,21,23,20,20,21,23,41,48,68,19,68,19,65,17,63,16,66,18,22,23,23,22,22,22,21,22,20,20,8.81,9.85,0
66,19,56,10,56,13,65,10,52,11,24,19,21,18,23,17,37,38,67,20,60,15,64,18,52,10,67,20,21,20,22,17,23,23,22,24,20,20,8.35,9.37,5
61,17,61,17,70,17,53,13,51,19,24,21,23,32,24,23,47,48,61,13,70,19,68,18,68,18,65,16,22,23,23,23,23,23,23,22,24,24,8.88,9.73,0
45,11,60,13,42,15,49,10,51,14,24,20,22,20,23,18,42,46,61,17,53,12,61,17,56,14,61,17,23,19,23,20,23,22,21,21,22,22,7.23,8.78,5
76,18,69,16,67,14,59,16,61,20,24,21,20,19,23,17,42,48,72,20,72,20,71,19,71,19,60,12,22,24,22,23,23,23,22,19,22,22,9.81,9.7,0
61,17,53,12,52,17,51,10,43,13,21,20,20,20,23,17,44,34,47,8,61,17,58,15,52,11,61,17,19,20,20,17,23,21,21,21,19,19,7.73,8.14,5
80,20,78,19,78,19,68,19,65,20,24,23,22,23,24,20,49,46,76,20,66,13,75,19,76,20,73,18,23,20,23,24,23,23,24,23,23,23,10,9.85,0
56,14,46,15,37,15,37,13,49,12,24,21,21,19,24,18,46,38,58,16,52,12,51,11,51,11,60,17,22,19,23,18,23,18,23,22,20,20,7.46,8.15,2
50,15,57,15,58,16,46,11,45,15,24,21,21,19,23,18,46,34,57,14,63,18,63,18,62,17,54,12,23,23,23,22,23,23,24,20,22,22,7.73,9.04,5
49,18,63,14,68,18,53,13,48,17,24,22,23,22,24,18,48,48,63,16,68,19,60,14,68,19,62,15,23,23,23,23,23,20,24,21,24,24,8.35,9.37,0
59,16,44,9,68,17,55,15,38,11,21,20,23,21,24,16,47,44,55,12,67,20,55,12,61,16,57,13,22,24,23,22,23,19,23,20,21,21,8.12,8.66,5
66,14,61,11,71,18,60,11,59,15,18,20,19,21,21,24,44,46,58,12,70,20,66,17,66,17,66,17,20,23,20,21,23,22,23,22,21,21,9.04,9.63,0
36,15,43,12,50,13,32,9,32,7,16,18,18,18,18,10,39,34,43,10,43,10,46,12,42,9,42,9,17,15,19,15,19,17,18,15,18,18,5.81,6.33,2
67,19,45,17,72,18,34,12,57,15,24,22,22,22,24,23,49,46,66,18,68,19,63,16,65,17,54,10,23,23,23,22,23,22,23,18,23,23,8.46,9.41,5
55,14,59,15,51,12,53,11,41,10,20,20,20,19,24,21,44,46,48,8,59,15,54,12,59,15,48,8,20,19,20,19,22,19,22,16,19,19,7.54,7.54,5
67,18,59,12,71,18,57,17,59,15,24,20,22,22,23,21,47,47,71,20,70,19,70,19,68,18,68,18,22,23,22,22,23,23,22,22,21,21,9.08,10,0
70,18,67,12,53,13,50,17,47,15,24,21,23,21,24,19,46,48,62,15,68,19,63,16,65,17,62,15,21,22,23,22,22,21,22,20,22,22,8.46,9.52,0
69,14,38,12,41,10,32,9,19,7,21,17,22,20,24,17,45,44,55,16,51,13,57,17,48,11,52,14,20,18,22,18,23,22,23,20,21,21,0,7.81,2
63,13,68,16,60,16,56,11,49,13,19,20,16,17,20,23,42,46,55,11,56,12,62,16,50,8,65,18,21,18,20,15,23,22,21,22,19,19,8.58,8.07,5
55,16,58,13,50,16,61,9,64,16,17,20,16,16,24,15,42,46,64,18,52,10,60,15,66,19,67,20,19,16,20,22,21,20,21,23,21,21,8.31,9.33,5
18,1,32,5,22,8,19,9,19,8,17,18,15,17,19,11,42,40,36,10,38,11,38,11,36,10,41,13,19,16,19,16,21,17,19,18,20,20,0,6,3
32,7,6,3,14,5,32,9,23,8,18,17,14,17,20,13,35,34,40,13,41,14,35,10,40,13,41,14,19,18,19,18,19,16,19,18,18,18,0,6.3,3
65,17,64,15,57,17,62,16,41,12,24,22,22,22,23,21,44,45,62,15,69,20,59,13,65,17,56,11,23,24,23,22,23,20,23,18,23,23,8.77,9.07,0
65,15,64,13,51,15,33,11,52,12,23,20,20,18,20,20,40,41,56,13,60,16,54,12,53,11,48,8,20,20,21,17,19,17,18,14,23,23,7.96,7.59,5
64,14,56,9,62,16,45,13,26,13,23,21,21,17,22,14,41,34,61,17,65,20,56,14,65,20,53,12,22,24,23,24,22,20,23,19,22,22,7.62,9.07,5
75,19,58,16,68,20,54,13,54,16,23,21,24,20,24,21,44,44,70,19,71,20,70,19,67,17,67,17,22,24,23,22,23,23,23,22,23,23,8.92,10,0
79,18,69,13,66,17,69,18,61,16,23,18,23,23,23,24,41,48,70,18,69,17,61,12,73,20,67,16,23,22,23,24,23,19,23,22,23,23,9.85,9.7,0
52,14,44,10,39,13,32,12,37,10,23,18,22,17,22,15,41,39,51,13,49,12,54,15,54,15,48,11,22,19,20,19,21,20,19,16,21,21,6.38,7.41,2
66,19,57,15,62,17,59,16,50,13,23,19,23,20,24,17,48,48,66,17,70,20,66,17,64,16,69,19,23,24,22,21,23,22,21,22,22,22,8.92,10,0
65,20,72,14,71,13,68,13,39,11,24,21,22,20,22,23,43,44,54,9,63,15,67,18,66,17,52,8,22,20,21,21,22,22,18,14,21,21,9.38,8.84,0
54,12,56,9,47,17,55,13,58,13,23,21,21,17,23,13,41,46,54,12,62,17,54,12,54,12,53,11,23,22,21,18,23,19,22,18,23,23,7.62,7.93,5
40,12,61,9,52,16,40,17,55,10,23,21,24,20,23,21,44,45,54,12,56,13,60,16,56,13,60,16,22,19,23,20,23,22,22,21,24,24,7.38,8.26,5
76,20,70,18,73,18,68,19,62,19,24,23,22,21,22,24,49,49,71,17,71,17,74,19,75,20,72,18,23,22,23,24,23,23,23,23,23,23,10,10,0
68,19,75,19,59,19,69,18,68,19,23,22,24,23,24,24,48,49,69,16,75,20,74,19,75,20,74,19,23,24,23,24,23,23,23,23,24,24,9.85,10,0
80,19,59,16,60,14,70,18,57,14,23,20,24,21,24,16,41,46,61,13,58,11,68,18,64,15,64,15,23,18,23,21,23,23,23,21,23,23,9.23,8.89,0
32,10,37,8,38,10,54,9,37,10,23,18,21,17,21,10,39,36,49,13,52,15,49,13,50,14,43,9,23,21,19,18,20,18,21,16,22,22,5.85,7.33,2
70,18,69,14,72,20,66,19,56,14,23,21,22,20,23,15,48,45,66,16,71,19,66,16,72,20,69,18,22,23,22,24,23,22,22,22,24,24,9.65,10,0
72,20,66,17,72,19,75,20,68,20,23,21,24,23,24,24,48,48,75,19,76,20,76,20,76,20,73,18,23,24,23,24,23,24,20,20,24,24,10,10,0
63,18,68,12,55,14,60,16,59,16,24,22,22,22,22,24,47,48,62,14,71,20,68,18,67,17,67,17,23,24,22,22,22,22,21,21,23,23,9.23,9.91,0
71,17,61,11,54,15,50,10,57,19,20,19,21,22,22,22,47,47,63,16,60,14,56,11,68,19,63,16,20,19,22,23,23,18,22,21,21,21,8.58,8.99,5
57,19,60,13,60,18,37,14,58,15,24,18,22,21,23,18,42,41,60,15,67,20,61,16,61,16,60,15,23,24,23,22,23,22,23,21,22,22,8.42,9.37,5
45,16,59,11,49,18,60,16,55,15,24,20,24,20,24,19,44,42,49,8,67,20,63,17,66,19,57,13,22,24,23,23,22,22,22,19,23,23,8.19,8.96,5
66,15,63,12,75,16,73,12,57,15,24,22,24,18,24,20,48,47,59,11,63,14,63,14,71,19,65,15,23,20,22,23,23,20,23,21,24,24,9.54,9.33,0
61,13,60,15,52,18,58,16,32,14,24,23,24,20,22,22,47,42,56,12,58,13,53,10,58,13,59,14,22,19,19,18,23,18,20,19,21,21,8.08,8.1,5
74,20,75,17,74,19,68,19,68,19,24,23,24,22,24,24,45,48,76,20,76,20,76,20,76,20,70,16,23,24,22,24,23,24,23,22,24,24,10,10,0
18,9,17,5,42,9,19,3,32,8,23,18,21,17,20,15,43,42,38,9,41,11,44,13,44,13,41,11,20,17,22,19,23,20,23,18,21,21,0,6.63,3
46,15,33,10,61,15,50,11,32,10,24,20,24,17,19,10,43,38,49,11,50,12,53,14,55,15,46,9,23,19,22,20,23,20,23,18,21,21,6.81,7.67,2
73,19,66,13,57,19,56,14,64,16,24,22,23,18,24,18,48,48,70,19,71,20,67,17,71,20,53,8,23,24,23,24,23,22,22,16,24,24,9.38,9.52,0
71,20,72,17,76,20,62,19,65,19,24,23,24,21,24,24,46,48,75,20,75,20,75,20,75,20,75,20,23,24,23,24,23,24,23,24,24,24,10,10,0
38,15,57,14,59,20,55,15,58,17,24,23,22,20,24,19,46,48,61,15,68,20,61,15,68,20,64,17,23,24,23,24,23,21,23,22,23,23,8.31,9.67,5
39,12,32,9,68,19,39,14,32,14,23,18,22,16,24,24,45,47,45,8,50,11,50,11,48,10,50,11,22,18,18,15,22,18,22,18,20,20,6.88,7.32,2
73,19,64,11,66,17,33,10,42,14,23,21,22,16,21,18,41,39,61,16,64,18,57,13,54,11,60,15,23,23,23,18,23,20,23,21,22,22,8.23,8.93,5
64,17,33,12,33,12,35,8,28,10,22,18,22,17,19,19,42,40,48,12,47,11,54,16,47,11,53,15,20,17,22,18,21,21,22,20,21,21,6.54,7.44,2
69,20,73,17,54,18,70,18,52,13,24,22,24,22,24,23,44,48,71,19,72,20,71,19,68,17,68,17,23,24,23,22,23,23,23,22,23,23,9.23,10,0
58,19,56,9,57,16,54,15,37,13,24,21,23,20,22,19,47,46,66,19,64,18,63,17,60,15,57,13,23,23,22,20,23,22,23,20,23,23,7.96,9.56,5
67,19,60,15,75,20,65,20,59,15,24,22,24,22,24,23,47,46,64,14,70,18,70,18,73,20,67,16,23,23,23,24,23,23,23,22,23,23,9.54,9.81,0
70,19,56,17,68,19,66,18,54,18,24,23,21,20,24,19,47,47,63,14,69,18,66,16,72,20,69,18,23,23,23,24,23,22,23,23,23,23,9.38,9.81,0
53,19,51,15,59,18,62,17,56,16,23,21,20,19,23,24,42,46,56,11,68,19,59,13,69,20,66,18,23,23,20,24,22,19,23,23,22,22,8.5,9.25,5
65,17,65,16,71,19,56,16,65,17,23,23,19,19,22,24,46,48,69,18,65,15,60,12,72,20,71,19,23,21,23,24,23,19,23,23,24,24,9.65,9.8,0
69,18,63,8,49,19,40,10,35,10,23,21,21,18,24,24,48,47,56,13,63,18,50,9,62,17,54,12,22,22,23,22,22,17,23,19,24,24,7.81,8.22,5
61,17,68,13,73,17,68,17,65,15,23,21,22,18,23,20,46,46,63,14,71,19,72,20,68,17,68,17,21,22,22,22,23,24,23,22,22,22,9.81,9.81,0
40,11,20,8,34,8,40,5,33,14,24,20,20,18,20,17,48,48,47,12,43,9,53,16,41,8,49,13,17,14,17,14,18,19,20,18,19,19,0,6.63,3
45,14,61,13,63,15,53,12,53,15,20,19,20,16,21,21,42,48,55,12,61,16,64,18,54,11,63,17,19,20,21,17,23,23,23,22,23,23,7.73,8.78,5
17,8,20,7,19,9,32,8,32,9,23,19,21,17,19,14,37,39,35,8,38,10,37,9,35,8,43,13,22,17,21,16,21,16,23,20,20,20,0,5.74,3
32,9,48,9,43,11,40,11,32,9,20,18,20,17,18,16,38,43,49,13,50,14,53,16,50,14,46,11,21,19,21,19,19,20,22,18,19,19,5.85,7.41,2
50,11,45,8,44,15,40,9,48,15,23,19,20,16,20,20,48,48,47,9,48,10,45,8,54,14,50,11,22,17,23,20,20,15,23,18,23,23,6.38,7.07,2
32,6,33,11,62,10,12,8,39,11,22,19,16,16,18,19,37,43,44,12,38,8,50,16,41,10,43,11,22,16,21,17,20,20,23,18,19,19,0,6.74,3
15,5,32,4,49,10,34,10,32,12,22,18,21,19,20,17,44,43,45,12,42,10,42,10,47,13,39,8,22,17,23,20,21,17,23,17,21,21,0,6.81,3
20,5,37,10,53,12,21,8,41,15,22,17,20,18,20,18,48,47,41,8,56,18,50,14,50,14,46,11,22,22,21,19,23,20,23,18,21,21,0,7.3,2
32,8,42,9,60,14,45,12,35,11,22,17,21,16,20,16,41,45,46,10,52,14,43,8,55,16,49,12,22,20,23,22,22,16,23,19,21,21,6.35,7.44,2
10,2,18,5,23,9,35,10,21,5,23,19,19,16,19,13,37,40,40,12,37,10,34,8,36,9,39,11,18,15,18,15,18,14,22,18,19,19,0,5.89,3
